"Anfangsbezirk_Nr","Anfangsbezirk","innerstaedtisch","Jahr","außerstaedtisch","insgesamt","selber_Bezirk","Nachbarbezirke","Restbezirke"
"1","Altstadt - Lehel",1881,2005,1317,3198,262,676,943
"2","Ludwigsvorstadt - Isarvorstadt",5683,2005,4046,9729,1078,1191,3414
"3","Maxvorstadt",4964,2005,3100,8064,860,1578,2526
"4","Schwabing - West",5377,2005,3566,8943,1167,1747,2463
"5","Au - Haidhausen",5547,2005,3276,8823,1356,1614,2577
"6","Sendling",3714,2005,2131,5845,606,1177,1931
"7","Sendling - Westpark",4095,2005,2207,6302,1004,1222,1869
"8","Schwanthalerhöhe",2846,2005,1623,4469,577,842,1427
"9","Neuhausen - Nymphenburg",8093,2005,5030,13123,2474,2353,3266
"10","Moosach",3601,2005,2578,6179,989,1072,1540
"11","Milbertshofen - Am Hart",6624,2005,4413,11037,2335,1765,2524
"12","Schwabing - Freimann",6034,2005,4482,10516,1520,1813,2701
"13","Bogenhausen",5330,2005,3973,9303,1969,1180,2181
"14","Berg am Laim",3256,2005,1932,5188,651,1215,1390
"15","Trudering - Riem",3291,2005,2929,6220,1243,716,1332
"16","Ramersdorf - Perlach",7355,2005,4478,11833,2452,1802,3101
"17","Obergiesing - Fasangarten",4203,2005,3115,7318,995,961,2247
"18","Untergiesing - Harlaching",4569,2005,2742,7311,1135,1315,2119
"19","Thalkirchen",6199,2005,4593,10792,2074,1127,2998
"20","Hadern",3047,2005,1917,4964,1024,772,1251
"21","Pasing - Obermenzing",4672,2005,3505,8177,1432,1208,2032
"22","Aubing",2419,2005,1735,4154,783,358,1278
"23","Allach - Untermenzing",1697,2005,1501,3198,545,414,738
"24","Feldmoching - Hasenbergl",3698,2005,2882,6580,1291,812,1595
"25","Laim",4108,2005,2212,6320,1008,1134,1966
"1","Altstadt - Lehel",1902,2006,1587,3489,313,667,922
"2","Ludwigsvorstadt - Isarvorstadt",5456,2006,4205,9661,1177,1129,3150
"3","Maxvorstadt",5054,2006,3807,8861,975,1602,2477
"4","Schwabing - West",5444,2006,3993,9437,1418,1618,2408
"5","Au - Haidhausen",5398,2006,3460,8858,1469,1403,2526
"6","Sendling",3600,2006,2341,5941,797,1095,1708
"7","Sendling - Westpark",3949,2006,2497,6446,1041,1083,1825
"8","Schwanthalerhöhe",2633,2006,1765,4398,652,729,1252
"9","Neuhausen - Nymphenburg",7718,2006,5179,12897,2447,2336,2935
"10","Moosach",3331,2006,2745,6076,965,981,1385
"11","Milbertshofen - Am Hart",6493,2006,4390,10883,2131,1858,2504
"12","Schwabing - Freimann",5779,2006,4650,10429,1709,1749,2321
"13","Bogenhausen",5206,2006,4410,9616,2060,1042,2104
"14","Berg am Laim",3107,2006,2033,5140,739,1087,1281
"15","Trudering - Riem",3229,2006,3056,6285,1312,663,1254
"16","Ramersdorf - Perlach",6944,2006,5365,12309,2576,1714,2654
"17","Obergiesing - Fasangarten",4261,2006,3426,7687,1109,967,2185
"18","Untergiesing - Harlaching",4374,2006,2892,7266,1166,1151,2057
"19","Thalkirchen",6203,2006,5099,11302,2309,973,2921
"20","Hadern",2893,2006,2021,4914,961,693,1239
"21","Pasing - Obermenzing",4257,2006,3472,7729,1374,1125,1758
"22","Aubing",2334,2006,1815,4149,923,311,1100
"23","Allach - Untermenzing",1840,2006,1628,3468,653,400,787
"24","Feldmoching - Hasenbergl",3614,2006,3228,6842,1424,616,1574
"25","Laim",3981,2006,2436,6417,1124,942,1915
"1","Altstadt - Lehel",1907,2007,1341,3248,369,664,874
"2","Ludwigsvorstadt - Isarvorstadt",5646,2007,4152,9798,1379,1228,3039
"3","Maxvorstadt",5273,2007,3578,8851,1306,1506,2461
"4","Schwabing - West",5785,2007,3589,9374,1742,1662,2381
"5","Au - Haidhausen",5510,2007,3266,8776,1703,1511,2296
"6","Sendling",3665,2007,2132,5797,890,1074,1701
"7","Sendling - Westpark",4183,2007,2407,6590,1246,1114,1823
"8","Schwanthalerhöhe",2778,2007,1567,4345,815,722,1241
"9","Neuhausen - Nymphenburg",8122,2007,4772,12894,2885,2204,3033
"10","Moosach",3579,2007,2547,6126,1200,1070,1309
"11","Milbertshofen - Am Hart",7116,2007,4309,11425,2672,1921,2523
"12","Schwabing - Freimann",5774,2007,4322,10096,1866,1579,2329
"13","Bogenhausen",5471,2007,3893,9364,2318,1048,2105
"14","Berg am Laim",3416,2007,2059,5475,1060,1125,1231
"15","Trudering - Riem",3630,2007,2943,6573,1764,618,1248
"16","Ramersdorf - Perlach",7424,2007,4949,12373,3001,1625,2798
"17","Obergiesing - Fasangarten",4363,2007,3588,7951,1214,927,2222
"18","Untergiesing - Harlaching",4677,2007,2715,7392,1562,1118,1997
"19","Thalkirchen",6577,2007,4863,11440,2725,968,2884
"20","Hadern",3116,2007,1951,5067,1111,694,1311
"21","Pasing - Obermenzing",4702,2007,3248,7950,1807,1153,1742
"22","Aubing",2291,2007,1702,3993,889,287,1115
"23","Allach - Untermenzing",1714,2007,1439,3153,680,383,651
"24","Feldmoching - Hasenbergl",3810,2007,2681,6491,1741,595,1474
"25","Laim",4188,2007,2291,6479,1315,1043,1830
"1","Altstadt - Lehel",1906,2008,1488,3394,315,721,870
"2","Ludwigsvorstadt - Isarvorstadt",5791,2008,4262,10053,1370,1214,3207
"3","Maxvorstadt",5326,2008,3567,8893,1149,1697,2480
"4","Schwabing - West",5859,2008,3969,9828,1595,1719,2545
"5","Au - Haidhausen",5520,2008,3420,8940,1639,1544,2337
"6","Sendling",3783,2008,2339,6122,835,1199,1749
"7","Sendling - Westpark",4304,2008,2593,6897,1222,1189,1893
"8","Schwanthalerhöhe",3043,2008,1794,4837,910,829,1304
"9","Neuhausen - Nymphenburg",7623,2008,5470,13093,2565,2214,2844
"10","Moosach",3696,2008,2803,6499,1080,1050,1566
"11","Milbertshofen - Am Hart",6922,2008,4419,11341,2520,1928,2474
"12","Schwabing - Freimann",6106,2008,4819,10925,1842,1705,2559
"13","Bogenhausen",5365,2008,4249,9614,2110,1077,2178
"14","Berg am Laim",3440,2008,2136,5576,937,1158,1345
"15","Trudering - Riem",3902,2008,2922,6824,1636,760,1506
"16","Ramersdorf - Perlach",7468,2008,5056,12524,2826,1893,2749
"17","Obergiesing - Fasangarten",4348,2008,3872,8220,1082,1016,2250
"18","Untergiesing - Harlaching",4585,2008,3037,7622,1259,1179,2147
"19","Thalkirchen",6331,2008,5329,11660,2480,1060,2791
"20","Hadern",3314,2008,2267,5581,1074,750,1490
"21","Pasing - Obermenzing",4335,2008,3707,8042,1562,1151,1622
"22","Aubing",2296,2008,1912,4208,854,265,1177
"23","Allach - Untermenzing",1755,2008,1440,3195,672,361,722
"24","Feldmoching - Hasenbergl",3681,2008,3139,6820,1528,607,1546
"25","Laim",4280,2008,2526,6806,1308,1160,1812
"1","Altstadt - Lehel",2028,2009,2021,4049,318,819,891
"2","Ludwigsvorstadt - Isarvorstadt",6282,2009,5847,12129,1302,1465,3515
"3","Maxvorstadt",5561,2009,4915,10476,1129,1779,2653
"4","Schwabing - West",6052,2009,4575,10627,1406,1879,2767
"5","Au - Haidhausen",5490,2009,4116,9606,1413,1537,2540
"6","Sendling",3654,2009,3026,6680,723,1166,1765
"7","Sendling - Westpark",4243,2009,3166,7409,1075,1248,1920
"8","Schwanthalerhöhe",2797,2009,2420,5217,660,860,1277
"9","Neuhausen - Nymphenburg",7917,2009,6582,14499,2808,2183,2926
"10","Moosach",3695,2009,3495,7190,1074,1118,1503
"11","Milbertshofen - Am Hart",6614,2009,5176,11790,2189,1888,2537
"12","Schwabing - Freimann",5938,2009,5486,11424,1696,1671,2571
"13","Bogenhausen",5438,2009,5068,10506,2183,1124,2131
"14","Berg am Laim",3419,2009,2465,5884,861,1182,1376
"15","Trudering - Riem",3682,2009,3586,7268,1612,780,1290
"16","Ramersdorf - Perlach",6785,2009,5987,12772,2394,1672,2719
"17","Obergiesing - Fasangarten",4344,2009,4524,8868,1013,1016,2315
"18","Untergiesing - Harlaching",4638,2009,3616,8254,1213,1242,2183
"19","Thalkirchen",6535,2009,6541,13076,2355,1114,3066
"20","Hadern",3301,2009,2704,6005,1166,728,1407
"21","Pasing - Obermenzing",4521,2009,4173,8694,1533,1176,1812
"22","Aubing",2255,2009,2042,4297,831,319,1105
"23","Allach - Untermenzing",1906,2009,1684,3590,628,457,821
"24","Feldmoching - Hasenbergl",3512,2009,3677,7189,1297,594,1621
"25","Laim",4220,2009,3003,7223,1153,1206,1861
"1","Altstadt - Lehel",2005,2010,1418,3423,314,772,919
"2","Ludwigsvorstadt - Isarvorstadt",5830,2010,4205,10035,1281,1321,3228
"3","Maxvorstadt",5802,2010,4523,10325,1185,1825,2792
"4","Schwabing - West",6022,2010,3703,9725,1487,1861,2674
"5","Au - Haidhausen",5319,2010,3515,8834,1350,1589,2380
"6","Sendling",3674,2010,2275,5949,685,1147,1842
"7","Sendling - Westpark",4132,2010,2654,6786,978,1140,2014
"8","Schwanthalerhöhe",3057,2010,1851,4908,715,951,1391
"9","Neuhausen - Nymphenburg",7779,2010,5475,13254,2542,2239,2998
"10","Moosach",3724,2010,3976,7700,976,1081,1667
"11","Milbertshofen - Am Hart",7049,2010,4345,11394,2522,1869,2658
"12","Schwabing - Freimann",6066,2010,4584,10650,1841,1746,2479
"13","Bogenhausen",5305,2010,4210,9515,2063,1155,2087
"14","Berg am Laim",3396,2010,2089,5485,902,1119,1375
"15","Trudering - Riem",3683,2010,3165,6848,1527,788,1368
"16","Ramersdorf - Perlach",7076,2010,5047,12123,2681,1489,2906
"17","Obergiesing - Fasangarten",4934,2010,3877,8811,1162,1204,2568
"18","Untergiesing - Harlaching",4544,2010,2887,7431,1200,1156,2188
"19","Thalkirchen",6188,2010,5998,12186,2231,1100,2857
"20","Hadern",3376,2010,2334,5710,1128,777,1471
"21","Pasing - Obermenzing",4874,2010,3535,8409,1650,1290,1934
"22","Aubing",2243,2010,1848,4091,850,263,1130
"23","Allach - Untermenzing",1778,2010,1439,3217,565,435,778
"24","Feldmoching - Hasenbergl",3491,2010,2845,6336,1285,619,1587
"25","Laim",4347,2010,2662,7009,1152,1130,2065
"1","Altstadt - Lehel",1954,2011,1389,3343,282,750,922
"2","Ludwigsvorstadt - Isarvorstadt",5649,2011,4292,9941,1069,1238,3342
"3","Maxvorstadt",5655,2011,3631,9286,1098,1842,2715
"4","Schwabing - West",5843,2011,3886,9729,1263,1892,2688
"5","Au - Haidhausen",5364,2011,3447,8811,1416,1540,2408
"6","Sendling",3565,2011,2307,5872,655,1128,1782
"7","Sendling - Westpark",4252,2011,2711,6963,943,1247,2062
"8","Schwanthalerhöhe",2824,2011,1731,4555,605,895,1324
"9","Neuhausen - Nymphenburg",7624,2011,5532,13156,2468,2219,2937
"10","Moosach",3731,2011,2946,6677,1003,1066,1662
"11","Milbertshofen - Am Hart",6782,2011,4286,11068,2098,1937,2747
"12","Schwabing - Freimann",5965,2011,4872,10837,1656,1621,2688
"13","Bogenhausen",5405,2011,4112,9517,2084,1206,2115
"14","Berg am Laim",3300,2011,2112,5412,796,1112,1392
"15","Trudering - Riem",3626,2011,3381,7007,1481,751,1394
"16","Ramersdorf - Perlach",7110,2011,5265,12375,2433,1653,3024
"17","Obergiesing - Fasangarten",4525,2011,3860,8385,985,1007,2533
"18","Untergiesing - Harlaching",4367,2011,2857,7224,1166,1132,2069
"19","Thalkirchen",6135,2011,6322,12457,2230,980,2925
"20","Hadern",3241,2011,2381,5622,1007,734,1500
"21","Pasing - Obermenzing",4476,2011,3589,8065,1483,1183,1810
"22","Aubing",2188,2011,1937,4125,820,276,1092
"23","Allach - Untermenzing",1785,2011,1615,3400,477,439,869
"24","Feldmoching - Hasenbergl",3486,2011,2897,6383,1233,657,1596
"25","Laim",4032,2011,2845,6877,998,1130,1904
"1","Altstadt - Lehel",1919,2012,1632,3551,276,719,924
"2","Ludwigsvorstadt - Isarvorstadt",5523,2012,4304,9827,1052,1291,3180
"3","Maxvorstadt",5340,2012,3861,9201,986,1688,2666
"4","Schwabing - West",5782,2012,4054,9836,1355,1830,2597
"5","Au - Haidhausen",5063,2012,3798,8861,1261,1464,2338
"6","Sendling",3311,2012,2383,5694,563,1072,1676
"7","Sendling - Westpark",3933,2012,2926,6859,898,1126,1909
"8","Schwanthalerhöhe",2741,2012,2204,4945,560,807,1374
"9","Neuhausen - Nymphenburg",7346,2012,6165,13511,2051,2163,3132
"10","Moosach",3799,2012,3494,7293,1084,1118,1597
"11","Milbertshofen - Am Hart",6275,2012,4761,11036,1839,1733,2703
"12","Schwabing - Freimann",6058,2012,4964,11022,1622,1712,2724
"13","Bogenhausen",5077,2012,4639,9716,1936,959,2182
"14","Berg am Laim",3212,2012,2277,5489,794,1035,1383
"15","Trudering - Riem",3591,2012,3879,7470,1381,735,1475
"16","Ramersdorf - Perlach",6600,2012,5576,12176,2165,1598,2837
"17","Obergiesing - Fasangarten",4478,2012,4420,8898,898,992,2588
"18","Untergiesing - Harlaching",4340,2012,3224,7564,1089,1182,2069
"19","Thalkirchen",5843,2012,7743,13586,2074,918,2851
"20","Hadern",2886,2012,2542,5428,820,736,1330
"21","Pasing - Obermenzing",4329,2012,4086,8415,1365,1145,1819
"22","Aubing",2247,2012,2185,4432,788,274,1185
"23","Allach - Untermenzing",1806,2012,1703,3509,608,395,803
"24","Feldmoching - Hasenbergl",3387,2012,3153,6540,1154,631,1602
"25","Laim",3845,2012,2952,6797,920,1022,1903
"1","Altstadt - Lehel",1926,2013,1844,3770,248,709,969
"2","Ludwigsvorstadt - Isarvorstadt",5599,2013,5103,10702,1024,1221,3354
"3","Maxvorstadt",5414,2013,4448,9862,973,1697,2744
"4","Schwabing - West",5526,2013,4422,9948,1110,1611,2805
"5","Au - Haidhausen",5193,2013,4075,9268,1114,1528,2551
"6","Sendling",3239,2013,2648,5887,564,941,1734
"7","Sendling - Westpark",3891,2013,3361,7252,872,1039,1980
"8","Schwanthalerhöhe",2668,2013,2096,4764,460,817,1391
"9","Neuhausen - Nymphenburg",7646,2013,6741,14387,2266,2111,3269
"10","Moosach",3678,2013,4233,7911,982,1065,1631
"11","Milbertshofen - Am Hart",6230,2013,5488,11718,1589,1884,2757
"12","Schwabing - Freimann",5806,2013,5736,11542,1310,1698,2798
"13","Bogenhausen",4938,2013,5221,10159,1786,1007,2145
"14","Berg am Laim",2974,2013,2525,5499,650,932,1392
"15","Trudering - Riem",3193,2013,3916,7109,1270,588,1335
"16","Ramersdorf - Perlach",6370,2013,6206,12576,2075,1384,2911
"17","Obergiesing - Fasangarten",4064,2013,4994,9058,865,874,2325
"18","Untergiesing - Harlaching",4149,2013,3511,7660,1014,1104,2031
"19","Thalkirchen",6283,2013,12727,19010,2085,977,3221
"20","Hadern",2986,2013,2708,5694,898,729,1359
"21","Pasing - Obermenzing",4225,2013,4615,8840,1213,1091,1921
"22","Aubing",2210,2013,2687,4897,750,289,1171
"23","Allach - Untermenzing",1742,2013,2013,3755,496,415,831
"24","Feldmoching - Hasenbergl",3458,2013,3584,7042,1106,606,1746
"25","Laim",4023,2013,2984,7007,855,1148,2020
"1","Altstadt - Lehel",1951,2014,1606,3557,249,738,964
"2","Ludwigsvorstadt - Isarvorstadt",5735,2014,4937,10672,1023,1227,3485
"3","Maxvorstadt",5363,2014,4192,9555,899,1686,2778
"4","Schwabing - West",5727,2014,4164,9891,1281,1673,2773
"5","Au - Haidhausen",5186,2014,3653,8839,1093,1564,2529
"6","Sendling",3340,2014,2611,5951,573,1036,1731
"7","Sendling - Westpark",3923,2014,3147,7070,891,1097,1935
"8","Schwanthalerhöhe",2653,2014,2014,4667,504,771,1378
"9","Neuhausen - Nymphenburg",7399,2014,6061,13460,2036,2179,3184
"10","Moosach",3539,2014,3656,7195,874,949,1716
"11","Milbertshofen - Am Hart",6415,2014,5645,12060,1756,1891,2768
"12","Schwabing - Freimann",6346,2014,10625,16971,1442,1650,3254
"13","Bogenhausen",4715,2014,4922,9637,1667,881,2167
"14","Berg am Laim",3067,2014,2305,5372,593,961,1513
"15","Trudering - Riem",3513,2014,3790,7303,1218,762,1533
"16","Ramersdorf - Perlach",6725,2014,5630,12355,2085,1526,3114
"17","Obergiesing - Fasangarten",3923,2014,3838,7761,834,905,2184
"18","Untergiesing - Harlaching",4388,2014,3150,7538,1003,1150,2235
"19","Thalkirchen",7421,2014,6768,14189,2007,952,4462
"20","Hadern",2938,2014,2650,5588,757,697,1484
"21","Pasing - Obermenzing",4381,2014,4251,8632,1260,1108,2013
"22","Aubing",2306,2014,2542,4848,629,318,1359
"23","Allach - Untermenzing",1720,2014,1928,3648,534,395,791
"24","Feldmoching - Hasenbergl",3474,2014,3237,6711,1064,677,1733
"25","Laim",3740,2014,3164,6904,811,968,1961
"1","Altstadt - Lehel",1761,2015,1535,3296,205,673,883
"2","Ludwigsvorstadt - Isarvorstadt",5398,2015,5279,10677,1036,1210,3152
"3","Maxvorstadt",5186,2015,4464,9650,967,1509,2710
"4","Schwabing - West",5943,2015,4276,10219,1301,1957,2685
"5","Au - Haidhausen",4899,2015,3941,8840,1012,1417,2470
"6","Sendling",3180,2015,2581,5761,412,949,1819
"7","Sendling - Westpark",4233,2015,3421,7654,852,1103,2278
"8","Schwanthalerhöhe",2575,2015,2012,4587,489,798,1288
"9","Neuhausen - Nymphenburg",7526,2015,6269,13795,2029,2327,3170
"10","Moosach",3764,2015,3459,7223,878,1074,1812
"11","Milbertshofen - Am Hart",5982,2015,5699,11681,1529,1782,2671
"12","Schwabing - Freimann",6437,2015,7548,13985,1424,1790,3223
"13","Bogenhausen",5081,2015,4916,9997,1621,1177,2283
"14","Berg am Laim",3297,2015,2375,5672,605,1029,1663
"15","Trudering - Riem",4149,2015,3608,7757,1351,807,1991
"16","Ramersdorf - Perlach",7168,2015,5779,12947,1950,1638,3580
"17","Obergiesing - Fasangarten",3992,2015,3645,7637,718,892,2382
"18","Untergiesing - Harlaching",4257,2015,3244,7501,828,1242,2187
"19","Thalkirchen",6545,2015,5663,12208,1945,1154,3446
"20","Hadern",3254,2015,2902,6156,821,871,1562
"21","Pasing - Obermenzing",4880,2015,4283,9163,1265,1287,2328
"22","Aubing",2894,2015,2846,5740,702,395,1797
"23","Allach - Untermenzing",1916,2015,1824,3740,496,489,931
"24","Feldmoching - Hasenbergl",4076,2015,3325,7401,1076,758,2242
"25","Laim",4160,2015,3165,7325,834,1107,2219
"1","Altstadt - Lehel",1926,2016,1674,3600,196,716,1014
"2","Ludwigsvorstadt - Isarvorstadt",5336,2016,4946,10282,785,1072,3479
"3","Maxvorstadt",6500,2016,4911,11411,773,1724,4003
"4","Schwabing - West",5732,2016,4433,10165,1177,1814,2741
"5","Au - Haidhausen",4862,2016,4122,8984,920,1467,2475
"6","Sendling",3136,2016,2579,5715,413,952,1771
"7","Sendling - Westpark",4286,2016,3424,7710,912,1136,2238
"8","Schwanthalerhöhe",2451,2016,2156,4607,392,802,1257
"9","Neuhausen - Nymphenburg",7359,2016,6313,13672,1843,2296,3220
"10","Moosach",3880,2016,3496,7376,907,1133,1840
"11","Milbertshofen - Am Hart",6424,2016,6090,12514,1409,1859,3156
"12","Schwabing - Freimann",7495,2016,9956,17451,1522,1876,4097
"13","Bogenhausen",6123,2016,5264,11387,2010,1354,2759
"14","Berg am Laim",2747,2016,2666,5413,563,866,1318
"15","Trudering - Riem",3693,2016,4070,7763,1166,734,1793
"16","Ramersdorf - Perlach",6152,2016,6062,12214,1869,1300,2983
"17","Obergiesing - Fasangarten",3833,2016,3926,7759,653,834,2346
"18","Untergiesing - Harlaching",4469,2016,3390,7859,1143,1035,2291
"19","Thalkirchen",6070,2016,5977,12047,1782,1058,3230
"20","Hadern",3258,2016,3049,6307,793,984,1481
"21","Pasing - Obermenzing",4428,2016,5232,9660,1289,1103,2036
"22","Aubing",2674,2016,2989,5663,951,316,1407
"23","Allach - Untermenzing",1842,2016,2170,4012,467,478,897
"24","Feldmoching - Hasenbergl",3558,2016,4402,7960,992,645,1921
"25","Laim",3835,2016,3257,7092,712,995,2128
"1","Altstadt - Lehel",1850,2017,2301,4151,217,705,928
"2","Ludwigsvorstadt - Isarvorstadt",5253,2017,8490,13743,703,1150,3400
"3","Maxvorstadt",5216,2017,7070,12286,772,1524,2920
"4","Schwabing - West",5617,2017,6120,11737,1087,1686,2844
"5","Au - Haidhausen",5114,2017,5568,10682,1061,1482,2571
"6","Sendling",2939,2017,3526,6465,389,818,1732
"7","Sendling - Westpark",3871,2017,4146,8017,798,1007,2066
"8","Schwanthalerhöhe",2275,2017,2994,5269,357,667,1251
"9","Neuhausen - Nymphenburg",6848,2017,7923,14771,1670,2010,3168
"10","Moosach",3854,2017,4069,7923,849,1018,1987
"11","Milbertshofen - Am Hart",6035,2017,7807,13842,1405,1863,2767
"12","Schwabing - Freimann",7445,2017,11433,18878,1846,1983,3616
"13","Bogenhausen",5009,2017,7174,12183,1475,1116,2418
"14","Berg am Laim",2750,2017,3313,6063,503,982,1265
"15","Trudering - Riem",3494,2017,5634,9128,1166,720,1608
"16","Ramersdorf - Perlach",6430,2017,7485,13915,1912,1398,3120
"17","Obergiesing - Fasangarten",4033,2017,5284,9317,681,986,2366
"18","Untergiesing - Harlaching",4562,2017,4520,9082,835,1128,2599
"19","Thalkirchen",6753,2017,7554,14307,1939,1069,3745
"20","Hadern",3184,2017,3861,7045,739,816,1629
"21","Pasing - Obermenzing",4532,2017,5788,10320,1126,1211,2195
"22","Aubing",2541,2017,3971,6512,686,290,1565
"23","Allach - Untermenzing",1862,2017,2738,4600,426,480,956
"24","Feldmoching - Hasenbergl",3591,2017,4613,8204,963,753,1875
"25","Laim",3822,2017,4057,7879,709,1012,2101
"1","Altstadt - Lehel",1768,2018,1835,3603,189,727,852
"2","Ludwigsvorstadt - Isarvorstadt",5143,2018,5116,10259,780,1031,3332
"3","Maxvorstadt",5434,2018,4695,10129,821,1584,3029
"4","Schwabing - West",5707,2018,4583,10290,990,1827,2890
"5","Au - Haidhausen",4859,2018,4039,8898,888,1521,2450
"6","Sendling",3059,2018,2529,5588,475,850,1734
"7","Sendling - Westpark",3731,2018,3352,7083,665,983,2083
"8","Schwanthalerhöhe",2262,2018,2009,4271,387,714,1161
"9","Neuhausen - Nymphenburg",7151,2018,6998,14149,1790,2128,3233
"10","Moosach",3782,2018,3344,7126,863,970,1949
"11","Milbertshofen - Am Hart",6128,2018,5771,11899,1326,1815,2987
"12","Schwabing - Freimann",7150,2018,8767,15917,1897,1802,3451
"13","Bogenhausen",5030,2018,5226,10256,1723,1015,2292
"14","Berg am Laim",2644,2018,2453,5097,442,876,1326
"15","Trudering - Riem",3674,2018,3938,7612,1129,782,1763
"16","Ramersdorf - Perlach",6399,2018,5891,12290,1909,1277,3213
"17","Obergiesing - Fasangarten",3700,2018,4568,8268,618,841,2241
"18","Untergiesing - Harlaching",3692,2018,3251,6943,755,950,1987
"19","Thalkirchen",6360,2018,6216,12576,1828,1017,3515
"20","Hadern",2905,2018,3129,6034,632,707,1566
"21","Pasing - Obermenzing",4766,2018,5064,9830,1216,1238,2312
"22","Aubing",2616,2018,3528,6144,696,327,1593
"23","Allach - Untermenzing",1976,2018,2407,4383,517,523,936
"24","Feldmoching - Hasenbergl",3499,2018,3314,6813,863,607,2029
"25","Laim",3967,2018,3326,7293,682,997,2288
"1","Altstadt - Lehel",1898,2019,1584,3482,216,732,950
"2","Ludwigsvorstadt - Isarvorstadt",5269,2019,4221,9490,733,1045,3491
"3","Maxvorstadt",5435,2019,4181,9616,812,1708,2915
"4","Schwabing - West",5836,2019,4237,10073,1070,1792,2974
"5","Au - Haidhausen",4971,2019,3787,8758,886,1507,2578
"6","Sendling",3205,2019,2448,5653,436,996,1773
"7","Sendling - Westpark",3924,2019,3197,7121,721,1047,2156
"8","Schwanthalerhöhe",2317,2019,2139,4456,360,747,1210
"9","Neuhausen - Nymphenburg",7515,2019,6187,13702,1913,2196,3406
"10","Moosach",3954,2019,3389,7343,788,1194,1972
"11","Milbertshofen - Am Hart",6212,2019,5471,11683,1516,1753,2943
"12","Schwabing - Freimann",7129,2019,7918,15047,1803,1870,3456
"13","Bogenhausen",5359,2019,5144,10503,1770,1158,2431
"14","Berg am Laim",2788,2019,2615,5403,464,875,1449
"15","Trudering - Riem",4143,2019,4282,8425,1283,925,1935
"16","Ramersdorf - Perlach",6620,2019,6199,12819,1957,1249,3414
"17","Obergiesing - Fasangarten",3832,2019,3829,7661,601,855,2376
"18","Untergiesing - Harlaching",4098,2019,3143,7241,858,1025,2215
"19","Thalkirchen",6588,2019,6220,12808,2011,974,3603
"20","Hadern",3023,2019,2929,5952,704,781,1538
"21","Pasing - Obermenzing",4799,2019,4673,9472,1217,1241,2341
"22","Aubing",2773,2019,3222,5995,679,402,1692
"23","Allach - Untermenzing",2170,2019,2415,4585,611,518,1041
"24","Feldmoching - Hasenbergl",3746,2019,3460,7206,983,715,2048
"25","Laim",4056,2019,3070,7126,736,1127,2193
"1","Altstadt - Lehel",1761,2020,1495,3256,224,648,889
"2","Ludwigsvorstadt - Isarvorstadt",5277,2020,3732,9009,794,1145,3338
"3","Maxvorstadt",5590,2020,4052,9642,861,1694,3035
"4","Schwabing - West",6050,2020,4258,10308,1172,1814,3064
"5","Au - Haidhausen",5133,2020,3466,8599,1074,1544,2515
"6","Sendling",3292,2020,2384,5676,413,1039,1840
"7","Sendling - Westpark",4040,2020,3064,7104,744,1159,2137
"8","Schwanthalerhöhe",2296,2020,1637,3933,345,721,1230
"9","Neuhausen - Nymphenburg",7794,2020,5700,13494,1975,2351,3468
"10","Moosach",4061,2020,3351,7412,958,1182,1921
"11","Milbertshofen - Am Hart",6058,2020,4880,10938,1318,1783,2957
"12","Schwabing - Freimann",9337,2020,7896,17233,3861,1858,3618
"13","Bogenhausen",5557,2020,4778,10335,2008,1086,2463
"14","Berg am Laim",2931,2020,2362,5293,450,1038,1443
"15","Trudering - Riem",3725,2020,4063,7788,1206,835,1684
"16","Ramersdorf - Perlach",6454,2020,5691,12145,1842,1286,3326
"17","Obergiesing - Fasangarten",4050,2020,3634,7684,654,929,2467
"18","Untergiesing - Harlaching",4083,2020,2977,7060,897,1108,2078
"19","Thalkirchen",6588,2020,5703,12291,2173,979,3436
"20","Hadern",3032,2020,2731,5763,763,779,1490
"21","Pasing - Obermenzing",4827,2020,4361,9188,1249,1261,2317
"22","Aubing",2643,2020,3048,5691,751,299,1593
"23","Allach - Untermenzing",1980,2020,2500,4480,497,513,970
"24","Feldmoching - Hasenbergl",3600,2020,3096,6696,1028,608,1964
"25","Laim",4168,2020,3062,7230,751,1210,2207
"1","Altstadt - Lehel",2048,2021,1862,3910,275,791,982
"2","Ludwigsvorstadt - Isarvorstadt",5689,2021,4610,10299,913,1225,3551
"3","Maxvorstadt",6200,2021,4690,10890,940,2076,3184
"4","Schwabing - West",6630,2021,4964,11594,1366,1986,3278
"5","Au - Haidhausen",5655,2021,4401,10056,1162,1681,2812
"6","Sendling",3458,2021,2804,6262,521,1151,1786
"7","Sendling - Westpark",4238,2021,3627,7865,816,1216,2206
"8","Schwanthalerhöhe",2524,2021,1926,4450,405,858,1261
"9","Neuhausen - Nymphenburg",8050,2021,6200,14250,1962,2563,3525
"10","Moosach",4510,2021,3519,8029,967,1355,2188
"11","Milbertshofen - Am Hart",6497,2021,5770,12267,1365,1987,3145
"12","Schwabing - Freimann",12562,2021,10494,23056,6265,2261,4036
"13","Bogenhausen",5880,2021,5726,11606,2022,1162,2696
"14","Berg am Laim",3171,2021,2926,6097,495,1136,1540
"15","Trudering - Riem",4292,2021,4877,9169,1351,984,1957
"16","Ramersdorf - Perlach",7168,2021,6757,13925,2144,1490,3534
"17","Obergiesing - Fasangarten",4232,2021,4229,8461,722,953,2557
"18","Untergiesing - Harlaching",4029,2021,3501,7530,967,1098,1964
"19","Thalkirchen",6722,2021,6402,13124,2250,1104,3368
"20","Hadern",3288,2021,2893,6181,903,867,1518
"21","Pasing - Obermenzing",5241,2021,4967,10208,1475,1404,2362
"22","Aubing",2702,2021,3080,5782,784,353,1565
"23","Allach - Untermenzing",1979,2021,2118,4097,512,539,928
"24","Feldmoching - Hasenbergl",3905,2021,3606,7511,1059,659,2187
"25","Laim",4744,2021,3718,8462,852,1389,2503
"1","Altstadt - Lehel",1793,2022,1747,3540,202,711,880
"2","Ludwigsvorstadt - Isarvorstadt",5680,2022,5032,10712,793,1124,3763
"3","Maxvorstadt",5710,2022,4809,10519,849,1713,3148
"4","Schwabing - West",6023,2022,4778,10801,1094,1843,3086
"5","Au - Haidhausen",5294,2022,4137,9431,1072,1494,2728
"6","Sendling",3010,2022,2674,5684,402,917,1691
"7","Sendling - Westpark",4416,2022,3554,7970,917,1142,2357
"8","Schwanthalerhöhe",2315,2022,1738,4053,334,776,1205
"9","Neuhausen - Nymphenburg",7647,2022,6314,13961,1854,2344,3449
"10","Moosach",4447,2022,3563,8010,919,1343,2185
"11","Milbertshofen - Am Hart",6249,2022,5784,12033,1378,1879,2992
"12","Schwabing - Freimann",13795,2022,10841,24636,7400,2559,3836
"13","Bogenhausen",5894,2022,6655,12549,1911,1212,2771
"14","Berg am Laim",3264,2022,2944,6208,589,946,1729
"15","Trudering - Riem",4456,2022,4949,9405,1306,882,2268
"16","Ramersdorf - Perlach",6950,2022,6824,13774,2113,1369,3468
"17","Obergiesing - Fasangarten",4073,2022,3800,7873,758,934,2381
"18","Untergiesing - Harlaching",3790,2022,3275,7065,842,969,1979
"19","Thalkirchen",7069,2022,6839,13908,2061,1152,3856
"20","Hadern",3145,2022,2974,6119,854,804,1487
"21","Pasing - Obermenzing",5308,2022,5185,10493,1527,1447,2334
"22","Aubing",3194,2022,3705,6899,980,422,1792
"23","Allach - Untermenzing",2011,2022,2258,4269,489,577,945
"24","Feldmoching - Hasenbergl",3659,2022,3529,7188,1000,735,1924
"25","Laim",4349,2022,3392,7741,833,1135,2381
"1","Altstadt - Lehel",1715,2023,1829,3544,219,614,882
"2","Ludwigsvorstadt - Isarvorstadt",4861,2023,4897,9758,677,943,3241
"3","Maxvorstadt",5290,2023,5126,10416,766,1531,2993
"4","Schwabing - West",5438,2023,4631,10069,976,1706,2756
"5","Au - Haidhausen",4730,2023,4148,8878,907,1382,2441
"6","Sendling",3042,2023,2576,5618,447,885,1710
"7","Sendling - Westpark",4052,2023,3570,7622,627,1146,2279
"8","Schwanthalerhöhe",2194,2023,1863,4057,305,702,1187
"9","Neuhausen - Nymphenburg",7035,2023,6412,13447,1866,2035,3134
"10","Moosach",3992,2023,3624,7616,764,1214,2014
"11","Milbertshofen - Am Hart",5998,2023,6065,12063,1186,1771,3041
"12","Schwabing - Freimann",17273,2023,13402,30675,10339,2979,3955
"13","Bogenhausen",5844,2023,7117,12961,1687,1108,3049
"14","Berg am Laim",2874,2023,2923,5797,440,980,1454
"15","Trudering - Riem",4105,2023,5101,9206,1231,881,1993
"16","Ramersdorf - Perlach",7083,2023,7244,14327,2086,1377,3620
"17","Obergiesing - Fasangarten",3766,2023,3987,7753,637,888,2241
"18","Untergiesing - Harlaching",3705,2023,3471,7176,833,905,1967
"19","Thalkirchen",6752,2023,6942,13694,1907,995,3850
"20","Hadern",3021,2023,3193,6214,735,733,1553
"21","Pasing - Obermenzing",5306,2023,5082,10388,1440,1467,2399
"22","Aubing",3047,2023,3887,6934,948,394,1705
"23","Allach - Untermenzing",2134,2023,2745,4879,459,561,1114
"24","Feldmoching - Hasenbergl",3484,2023,4025,7509,913,570,2001
"25","Laim",3962,2023,3490,7452,766,1050,2146
"1","Altstadt - Lehel",1771,2024,1593,3364,195,629,947
"2","Ludwigsvorstadt - Isarvorstadt",4698,2024,3575,8273,721,933,3044
"3","Maxvorstadt",5139,2024,3970,9109,696,1540,2903
"4","Schwabing - West",5281,2024,4093,9374,1038,1731,2512
"5","Au - Haidhausen",4245,2024,3230,7475,788,1277,2180
"6","Sendling",3010,2024,2130,5140,416,898,1696
"7","Sendling - Westpark",4362,2024,3266,7628,763,1174,2425
"8","Schwanthalerhöhe",2279,2024,1669,3948,323,663,1293
"9","Neuhausen - Nymphenburg",6790,2024,5233,12023,1716,2015,3059
"10","Moosach",3725,2024,3134,6859,703,1110,1912
"11","Milbertshofen - Am Hart",5555,2024,5125,10680,1116,1590,2849
"12","Schwabing - Freimann",12064,2024,7532,19596,6284,2280,3500
"13","Bogenhausen",5636,2024,5681,11317,1737,956,2943
"14","Berg am Laim",3116,2024,2386,5502,425,1094,1597
"15","Trudering - Riem",4296,2024,4054,8350,1168,877,2251
"16","Ramersdorf - Perlach",6643,2024,5702,12345,1958,1332,3353
"17","Obergiesing - Fasangarten",3509,2024,3433,6942,603,784,2122
"18","Untergiesing - Harlaching",3405,2024,3049,6454,749,861,1795
"19","Thalkirchen",6601,2024,5945,12546,2064,989,3548
"20","Hadern",2970,2024,2852,5822,732,772,1466
"21","Pasing - Obermenzing",5079,2024,4467,9546,1386,1481,2212
"22","Aubing",3308,2024,3392,6700,979,427,1902
"23","Allach - Untermenzing",2148,2024,2006,4154,560,639,949
"24","Feldmoching - Hasenbergl",3601,2024,3295,6896,947,605,2049
"25","Laim",3911,2024,2959,6870,763,1092,2056
